{
	"0": [
		{
			"position": "(1, 10)",
			"tile_id": "(1, 1)"
		},
		{
			"position": "(1, 11)",
			"tile_id": "(1, 1)"
		},
		{
			"position": "(1, 12)",
			"tile_id": "(1, 1)"
		},
		{
			"position": "(1, 13)",
			"tile_id": "(1, 1)"
		},
		{
			"position": "(1, 14)",
			"tile_id": "(1, 1)"
		},
		{
			"position": "(2, 9)",
			"tile_id": "(1, 1)"
		},
		{
			"position": "(2, 10)",
			"tile_id": "(1, 1)"
		},
		{
			"position": "(2, 14)",
			"tile_id": "(1, 1)"
		},
		{
			"position": "(3, 7)",
			"tile_id": "(1, 1)"
		},
		{
			"position": "(3, 8)",
			"tile_id": "(1, 1)"
		},
		{
			"position": "(3, 9)",
			"tile_id": "(1, 1)"
		},
		{
			"position": "(3, 14)",
			"tile_id": "(1, 1)"
		},
		{
			"position": "(4, 7)",
			"tile_id": "(1, 1)"
		},
		{
			"position": "(4, 12)",
			"tile_id": "(1, 1)"
		},
		{
			"position": "(4, 13)",
			"tile_id": "(1, 1)"
		},
		{
			"position": "(4, 14)",
			"tile_id": "(1, 1)"
		},
		{
			"position": "(5, 7)",
			"tile_id": "(1, 1)"
		},
		{
			"position": "(5, 12)",
			"tile_id": "(1, 1)"
		},
		{
			"position": "(5, 17)",
			"tile_id": "(0, 3)"
		},
		{
			"position": "(5, 18)",
			"tile_id": "(0, 3)"
		},
		{
			"position": "(5, 19)",
			"tile_id": "(0, 3)"
		},
		{
			"position": "(5, 20)",
			"tile_id": "(0, 3)"
		},
		{
			"position": "(5, 21)",
			"tile_id": "(0, 3)"
		},
		{
			"position": "(6, 7)",
			"tile_id": "(1, 1)"
		},
		{
			"position": "(6, 8)",
			"tile_id": "(1, 1)"
		},
		{
			"position": "(6, 11)",
			"tile_id": "(1, 1)"
		},
		{
			"position": "(6, 12)",
			"tile_id": "(1, 1)"
		},
		{
			"position": "(6, 17)",
			"tile_id": "(0, 3)"
		},
		{
			"position": "(6, 21)",
			"tile_id": "(0, 3)"
		},
		{
			"position": "(6, 22)",
			"tile_id": "(0, 3)"
		},
		{
			"position": "(7, 8)",
			"tile_id": "(1, 1)"
		},
		{
			"position": "(7, 11)",
			"tile_id": "(1, 1)"
		},
		{
			"position": "(7, 12)",
			"tile_id": "(1, 1)"
		},
		{
			"position": "(7, 13)",
			"tile_id": "(1, 1)"
		},
		{
			"position": "(7, 14)",
			"tile_id": "(1, 1)"
		},
		{
			"position": "(7, 17)",
			"tile_id": "(0, 3)"
		},
		{
			"position": "(7, 22)",
			"tile_id": "(0, 3)"
		},
		{
			"position": "(8, 6)",
			"tile_id": "(1, 1)"
		},
		{
			"position": "(8, 7)",
			"tile_id": "(1, 1)"
		},
		{
			"position": "(8, 8)",
			"tile_id": "(1, 1)"
		},
		{
			"position": "(8, 22)",
			"tile_id": "(0, 3)"
		},
		{
			"position": "(9, 6)",
			"tile_id": "(1, 1)"
		},
		{
			"position": "(9, 22)",
			"tile_id": "(0, 3)"
		},
		{
			"position": "(10, 6)",
			"tile_id": "(1, 1)"
		},
		{
			"position": "(10, 11)",
			"tile_id": "(1, 1)"
		},
		{
			"position": "(10, 12)",
			"tile_id": "(1, 1)"
		},
		{
			"position": "(10, 13)",
			"tile_id": "(1, 1)"
		},
		{
			"position": "(10, 14)",
			"tile_id": "(1, 1)"
		},
		{
			"position": "(10, 15)",
			"tile_id": "(0, 3)"
		},
		{
			"position": "(10, 16)",
			"tile_id": "(0, 3)"
		},
		{
			"position": "(10, 18)",
			"tile_id": "(0, 3)"
		},
		{
			"position": "(10, 19)",
			"tile_id": "(0, 3)"
		},
		{
			"position": "(10, 20)",
			"tile_id": "(0, 3)"
		},
		{
			"position": "(10, 22)",
			"tile_id": "(0, 3)"
		},
		{
			"position": "(11, 6)",
			"tile_id": "(1, 1)"
		},
		{
			"position": "(11, 7)",
			"tile_id": "(1, 1)"
		},
		{
			"position": "(11, 8)",
			"tile_id": "(1, 1)"
		},
		{
			"position": "(11, 11)",
			"tile_id": "(1, 1)"
		},
		{
			"position": "(11, 15)",
			"tile_id": "(0, 3)"
		},
		{
			"position": "(11, 18)",
			"tile_id": "(0, 3)"
		},
		{
			"position": "(11, 20)",
			"tile_id": "(0, 3)"
		},
		{
			"position": "(11, 22)",
			"tile_id": "(0, 3)"
		},
		{
			"position": "(12, 8)",
			"tile_id": "(1, 1)"
		},
		{
			"position": "(12, 11)",
			"tile_id": "(1, 1)"
		},
		{
			"position": "(12, 15)",
			"tile_id": "(0, 3)"
		},
		{
			"position": "(12, 18)",
			"tile_id": "(0, 3)"
		},
		{
			"position": "(12, 19)",
			"tile_id": "(0, 3)"
		},
		{
			"position": "(12, 20)",
			"tile_id": "(0, 3)"
		},
		{
			"position": "(12, 22)",
			"tile_id": "(0, 3)"
		},
		{
			"position": "(13, 8)",
			"tile_id": "(1, 1)"
		},
		{
			"position": "(13, 11)",
			"tile_id": "(1, 1)"
		},
		{
			"position": "(13, 15)",
			"tile_id": "(0, 3)"
		},
		{
			"position": "(13, 22)",
			"tile_id": "(0, 3)"
		},
		{
			"position": "(14, 8)",
			"tile_id": "(1, 1)"
		},
		{
			"position": "(14, 11)",
			"tile_id": "(1, 1)"
		},
		{
			"position": "(14, 15)",
			"tile_id": "(0, 3)"
		},
		{
			"position": "(14, 16)",
			"tile_id": "(0, 3)"
		},
		{
			"position": "(14, 21)",
			"tile_id": "(0, 3)"
		},
		{
			"position": "(14, 22)",
			"tile_id": "(0, 3)"
		},
		{
			"position": "(15, 8)",
			"tile_id": "(1, 1)"
		},
		{
			"position": "(15, 11)",
			"tile_id": "(1, 1)"
		},
		{
			"position": "(15, 16)",
			"tile_id": "(0, 3)"
		},
		{
			"position": "(15, 19)",
			"tile_id": "(0, 3)"
		},
		{
			"position": "(15, 20)",
			"tile_id": "(0, 3)"
		},
		{
			"position": "(15, 21)",
			"tile_id": "(0, 3)"
		},
		{
			"position": "(16, 8)",
			"tile_id": "(1, 1)"
		},
		{
			"position": "(16, 11)",
			"tile_id": "(1, 1)"
		},
		{
			"position": "(16, 16)",
			"tile_id": "(0, 3)"
		},
		{
			"position": "(16, 17)",
			"tile_id": "(0, 3)"
		},
		{
			"position": "(16, 18)",
			"tile_id": "(0, 3)"
		},
		{
			"position": "(16, 19)",
			"tile_id": "(0, 3)"
		},
		{
			"position": "(17, 8)",
			"tile_id": "(1, 1)"
		},
		{
			"position": "(17, 9)",
			"tile_id": "(1, 1)"
		},
		{
			"position": "(17, 10)",
			"tile_id": "(1, 1)"
		},
		{
			"position": "(17, 11)",
			"tile_id": "(1, 1)"
		}
	],
	"1": [
		{
			"position": "(0, 0)",
			"tile_id": "(6, 0)"
		},
		{
			"position": "(0, 1)",
			"tile_id": "(5, 4)"
		},
		{
			"position": "(0, 2)",
			"tile_id": "(5, 4)"
		},
		{
			"position": "(0, 3)",
			"tile_id": "(6, 4)"
		},
		{
			"position": "(0, 4)",
			"tile_id": "(5, 4)"
		},
		{
			"position": "(0, 5)",
			"tile_id": "(6, 4)"
		},
		{
			"position": "(0, 6)",
			"tile_id": "(5, 4)"
		},
		{
			"position": "(0, 7)",
			"tile_id": "(5, 4)"
		},
		{
			"position": "(0, 8)",
			"tile_id": "(6, 4)"
		},
		{
			"position": "(0, 9)",
			"tile_id": "(5, 4)"
		},
		{
			"position": "(0, 10)",
			"tile_id": "(5, 4)"
		},
		{
			"position": "(0, 11)",
			"tile_id": "(5, 4)"
		},
		{
			"position": "(0, 12)",
			"tile_id": "(5, 4)"
		},
		{
			"position": "(0, 13)",
			"tile_id": "(5, 4)"
		},
		{
			"position": "(0, 14)",
			"tile_id": "(6, 4)"
		},
		{
			"position": "(0, 15)",
			"tile_id": "(6, 4)"
		},
		{
			"position": "(0, 16)",
			"tile_id": "(6, 4)"
		},
		{
			"position": "(0, 17)",
			"tile_id": "(6, 4)"
		},
		{
			"position": "(0, 18)",
			"tile_id": "(5, 4)"
		},
		{
			"position": "(0, 19)",
			"tile_id": "(6, 4)"
		},
		{
			"position": "(0, 20)",
			"tile_id": "(6, 4)"
		},
		{
			"position": "(0, 21)",
			"tile_id": "(5, 4)"
		},
		{
			"position": "(0, 22)",
			"tile_id": "(6, 1)"
		},
		{
			"position": "(1, 0)",
			"tile_id": "(7, 5)"
		},
		{
			"position": "(1, 1)",
			"tile_id": "(4, 1)"
		},
		{
			"position": "(1, 2)",
			"tile_id": "(4, 2)"
		},
		{
			"position": "(1, 3)",
			"tile_id": "(4, 1)"
		},
		{
			"position": "(1, 4)",
			"tile_id": "(4, 1)"
		},
		{
			"position": "(1, 5)",
			"tile_id": "(4, 1)"
		},
		{
			"position": "(1, 6)",
			"tile_id": "(5, 1)"
		},
		{
			"position": "(1, 7)",
			"tile_id": "(4, 1)"
		},
		{
			"position": "(1, 8)",
			"tile_id": "(4, 2)"
		},
		{
			"position": "(1, 9)",
			"tile_id": "(4, 1)"
		},
		{
			"position": "(1, 10)",
			"tile_id": "(3, 3)"
		},
		{
			"position": "(1, 11)",
			"tile_id": "(6, 5)"
		},
		{
			"position": "(1, 12)",
			"tile_id": "(6, 5)"
		},
		{
			"position": "(1, 13)",
			"tile_id": "(6, 5)"
		},
		{
			"position": "(1, 14)",
			"tile_id": "(6, 3)"
		},
		{
			"position": "(1, 15)",
			"tile_id": "(4, 1)"
		},
		{
			"position": "(1, 16)",
			"tile_id": "(4, 1)"
		},
		{
			"position": "(1, 17)",
			"tile_id": "(4, 1)"
		},
		{
			"position": "(1, 18)",
			"tile_id": "(4, 1)"
		},
		{
			"position": "(1, 19)",
			"tile_id": "(4, 0)"
		},
		{
			"position": "(1, 20)",
			"tile_id": "(3, 1)"
		},
		{
			"position": "(1, 21)",
			"tile_id": "(4, 2)"
		},
		{
			"position": "(1, 22)",
			"tile_id": "(7, 4)"
		},
		{
			"position": "(2, 0)",
			"tile_id": "(7, 5)"
		},
		{
			"position": "(2, 1)",
			"tile_id": "(4, 1)"
		},
		{
			"position": "(2, 2)",
			"tile_id": "(4, 1)"
		},
		{
			"position": "(2, 3)",
			"tile_id": "(4, 1)"
		},
		{
			"position": "(2, 4)",
			"tile_id": "(4, 1)"
		},
		{
			"position": "(2, 5)",
			"tile_id": "(4, 1)"
		},
		{
			"position": "(2, 6)",
			"tile_id": "(3, 1)"
		},
		{
			"position": "(2, 7)",
			"tile_id": "(4, 1)"
		},
		{
			"position": "(2, 8)",
			"tile_id": "(5, 1)"
		},
		{
			"position": "(2, 9)",
			"tile_id": "(3, 3)"
		},
		{
			"position": "(2, 10)",
			"tile_id": "(7, 1)"
		},
		{
			"position": "(2, 11)",
			"tile_id": "(1, 0)"
		},
		{
			"position": "(2, 12)",
			"tile_id": "(4, 4)"
		},
		{
			"position": "(2, 13)",
			"tile_id": "(1, 1)"
		},
		{
			"position": "(2, 14)",
			"tile_id": "(7, 5)"
		},
		{
			"position": "(2, 15)",
			"tile_id": "(3, 1)"
		},
		{
			"position": "(2, 16)",
			"tile_id": "(5, 1)"
		},
		{
			"position": "(2, 17)",
			"tile_id": "(3, 1)"
		},
		{
			"position": "(2, 18)",
			"tile_id": "(4, 1)"
		},
		{
			"position": "(2, 19)",
			"tile_id": "(4, 0)"
		},
		{
			"position": "(2, 20)",
			"tile_id": "(3, 1)"
		},
		{
			"position": "(2, 21)",
			"tile_id": "(3, 1)"
		},
		{
			"position": "(2, 22)",
			"tile_id": "(7, 4)"
		},
		{
			"position": "(3, 0)",
			"tile_id": "(7, 5)"
		},
		{
			"position": "(3, 1)",
			"tile_id": "(5, 1)"
		},
		{
			"position": "(3, 2)",
			"tile_id": "(4, 1)"
		},
		{
			"position": "(3, 3)",
			"tile_id": "(4, 0)"
		},
		{
			"position": "(3, 4)",
			"tile_id": "(4, 0)"
		},
		{
			"position": "(3, 5)",
			"tile_id": "(4, 1)"
		},
		{
			"position": "(3, 6)",
			"tile_id": "(4, 1)"
		},
		{
			"position": "(3, 7)",
			"tile_id": "(3, 3)"
		},
		{
			"position": "(3, 8)",
			"tile_id": "(3, 4)"
		},
		{
			"position": "(3, 9)",
			"tile_id": "(5, 2)"
		},
		{
			"position": "(3, 10)",
			"tile_id": "(0, 0)"
		},
		{
			"position": "(3, 11)",
			"tile_id": "(1, 0)"
		},
		{
			"position": "(3, 12)",
			"tile_id": "(1, 0)"
		},
		{
			"position": "(3, 13)",
			"tile_id": "(0, 1)"
		},
		{
			"position": "(3, 14)",
			"tile_id": "(7, 5)"
		},
		{
			"position": "(3, 15)",
			"tile_id": "(4, 1)"
		},
		{
			"position": "(3, 16)",
			"tile_id": "(4, 0)"
		},
		{
			"position": "(3, 17)",
			"tile_id": "(3, 1)"
		},
		{
			"position": "(3, 18)",
			"tile_id": "(4, 1)"
		},
		{
			"position": "(3, 19)",
			"tile_id": "(5, 1)"
		},
		{
			"position": "(3, 20)",
			"tile_id": "(4, 1)"
		},
		{
			"position": "(3, 21)",
			"tile_id": "(4, 1)"
		},
		{
			"position": "(3, 22)",
			"tile_id": "(7, 4)"
		},
		{
			"position": "(4, 0)",
			"tile_id": "(7, 5)"
		},
		{
			"position": "(4, 1)",
			"tile_id": "(5, 1)"
		},
		{
			"position": "(4, 2)",
			"tile_id": "(4, 2)"
		},
		{
			"position": "(4, 3)",
			"tile_id": "(4, 1)"
		},
		{
			"position": "(4, 4)",
			"tile_id": "(4, 1)"
		},
		{
			"position": "(4, 5)",
			"tile_id": "(5, 1)"
		},
		{
			"position": "(4, 6)",
			"tile_id": "(3, 1)"
		},
		{
			"position": "(4, 7)",
			"tile_id": "(7, 4)"
		},
		{
			"position": "(4, 8)",
			"tile_id": "(4, 4)"
		},
		{
			"position": "(4, 9)",
			"tile_id": "(0, 1)"
		},
		{
			"position": "(4, 10)",
			"tile_id": "(0, 1)"
		},
		{
			"position": "(4, 11)",
			"tile_id": "(4, 4)"
		},
		{
			"position": "(4, 12)",
			"tile_id": "(3, 0)"
		},
		{
			"position": "(4, 13)",
			"tile_id": "(6, 4)"
		},
		{
			"position": "(4, 14)",
			"tile_id": "(7, 3)"
		},
		{
			"position": "(4, 15)",
			"tile_id": "(4, 1)"
		},
		{
			"position": "(4, 16)",
			"tile_id": "(4, 0)"
		},
		{
			"position": "(4, 17)",
			"tile_id": "(5, 1)"
		},
		{
			"position": "(4, 18)",
			"tile_id": "(4, 1)"
		},
		{
			"position": "(4, 19)",
			"tile_id": "(4, 1)"
		},
		{
			"position": "(4, 20)",
			"tile_id": "(4, 1)"
		},
		{
			"position": "(4, 21)",
			"tile_id": "(5, 1)"
		},
		{
			"position": "(4, 22)",
			"tile_id": "(7, 2)"
		},
		{
			"position": "(4, 23)",
			"tile_id": "(6, 1)"
		},
		{
			"position": "(5, 0)",
			"tile_id": "(7, 5)"
		},
		{
			"position": "(5, 1)",
			"tile_id": "(3, 1)"
		},
		{
			"position": "(5, 2)",
			"tile_id": "(4, 0)"
		},
		{
			"position": "(5, 3)",
			"tile_id": "(4, 1)"
		},
		{
			"position": "(5, 4)",
			"tile_id": "(4, 1)"
		},
		{
			"position": "(5, 5)",
			"tile_id": "(4, 0)"
		},
		{
			"position": "(5, 6)",
			"tile_id": "(4, 1)"
		},
		{
			"position": "(5, 7)",
			"tile_id": "(7, 4)"
		},
		{
			"position": "(5, 8)",
			"tile_id": "(1, 1)"
		},
		{
			"position": "(5, 9)",
			"tile_id": "(0, 1)"
		},
		{
			"position": "(5, 10)",
			"tile_id": "(4, 4)"
		},
		{
			"position": "(5, 11)",
			"tile_id": "(0, 1)"
		},
		{
			"position": "(5, 12)",
			"tile_id": "(7, 5)"
		},
		{
			"position": "(5, 13)",
			"tile_id": "(4, 1)"
		},
		{
			"position": "(5, 14)",
			"tile_id": "(4, 1)"
		},
		{
			"position": "(5, 15)",
			"tile_id": "(4, 1)"
		},
		{
			"position": "(5, 16)",
			"tile_id": "(4, 1)"
		},
		{
			"position": "(5, 17)",
			"tile_id": "(3, 3)"
		},
		{
			"position": "(5, 18)",
			"tile_id": "(6, 5)"
		},
		{
			"position": "(5, 19)",
			"tile_id": "(3, 4)"
		},
		{
			"position": "(5, 20)",
			"tile_id": "(6, 5)"
		},
		{
			"position": "(5, 21)",
			"tile_id": "(3, 5)"
		},
		{
			"position": "(5, 22)",
			"tile_id": "(4, 0)"
		},
		{
			"position": "(5, 23)",
			"tile_id": "(7, 2)"
		},
		{
			"position": "(5, 24)",
			"tile_id": "(6, 1)"
		},
		{
			"position": "(6, 0)",
			"tile_id": "(7, 5)"
		},
		{
			"position": "(6, 1)",
			"tile_id": "(4, 1)"
		},
		{
			"position": "(6, 2)",
			"tile_id": "(4, 1)"
		},
		{
			"position": "(6, 3)",
			"tile_id": "(4, 1)"
		},
		{
			"position": "(6, 4)",
			"tile_id": "(4, 1)"
		},
		{
			"position": "(6, 5)",
			"tile_id": "(4, 1)"
		},
		{
			"position": "(6, 6)",
			"tile_id": "(4, 1)"
		},
		{
			"position": "(6, 7)",
			"tile_id": "(7, 2)"
		},
		{
			"position": "(6, 8)",
			"tile_id": "(6, 1)"
		},
		{
			"position": "(6, 9)",
			"tile_id": "(4, 4)"
		},
		{
			"position": "(6, 10)",
			"tile_id": "(4, 4)"
		},
		{
			"position": "(6, 11)",
			"tile_id": "(3, 0)"
		},
		{
			"position": "(6, 12)",
			"tile_id": "(7, 3)"
		},
		{
			"position": "(6, 13)",
			"tile_id": "(4, 1)"
		},
		{
			"position": "(6, 14)",
			"tile_id": "(4, 1)"
		},
		{
			"position": "(6, 15)",
			"tile_id": "(4, 1)"
		},
		{
			"position": "(6, 16)",
			"tile_id": "(4, 1)"
		},
		{
			"position": "(6, 17)",
			"tile_id": "(7, 4)"
		},
		{
			"position": "(6, 21)",
			"tile_id": "(5, 0)"
		},
		{
			"position": "(6, 22)",
			"tile_id": "(3, 5)"
		},
		{
			"position": "(6, 23)",
			"tile_id": "(4, 1)"
		},
		{
			"position": "(6, 24)",
			"tile_id": "(7, 4)"
		},
		{
			"position": "(7, 0)",
			"tile_id": "(7, 5)"
		},
		{
			"position": "(7, 1)",
			"tile_id": "(4, 1)"
		},
		{
			"position": "(7, 2)",
			"tile_id": "(4, 1)"
		},
		{
			"position": "(7, 3)",
			"tile_id": "(4, 0)"
		},
		{
			"position": "(7, 4)",
			"tile_id": "(4, 1)"
		},
		{
			"position": "(7, 5)",
			"tile_id": "(4, 0)"
		},
		{
			"position": "(7, 6)",
			"tile_id": "(3, 1)"
		},
		{
			"position": "(7, 7)",
			"tile_id": "(5, 1)"
		},
		{
			"position": "(7, 8)",
			"tile_id": "(7, 4)"
		},
		{
			"position": "(7, 9)",
			"tile_id": "(0, 0)"
		},
		{
			"position": "(7, 10)",
			"tile_id": "(0, 0)"
		},
		{
			"position": "(7, 11)",
			"tile_id": "(5, 0)"
		},
		{
			"position": "(7, 12)",
			"tile_id": "(6, 5)"
		},
		{
			"position": "(7, 13)",
			"tile_id": "(6, 5)"
		},
		{
			"position": "(7, 14)",
			"tile_id": "(6, 5)"
		},
		{
			"position": "(7, 15)",
			"tile_id": "(4, 1)"
		},
		{
			"position": "(7, 16)",
			"tile_id": "(4, 1)"
		},
		{
			"position": "(7, 17)",
			"tile_id": "(4, 3)"
		},
		{
			"position": "(7, 22)",
			"tile_id": "(7, 5)"
		},
		{
			"position": "(7, 23)",
			"tile_id": "(4, 2)"
		},
		{
			"position": "(7, 24)",
			"tile_id": "(4, 3)"
		},
		{
			"position": "(8, 0)",
			"tile_id": "(7, 5)"
		},
		{
			"position": "(8, 1)",
			"tile_id": "(4, 1)"
		},
		{
			"position": "(8, 2)",
			"tile_id": "(4, 1)"
		},
		{
			"position": "(8, 3)",
			"tile_id": "(4, 1)"
		},
		{
			"position": "(8, 4)",
			"tile_id": "(4, 1)"
		},
		{
			"position": "(8, 5)",
			"tile_id": "(5, 1)"
		},
		{
			"position": "(8, 6)",
			"tile_id": "(3, 3)"
		},
		{
			"position": "(8, 7)",
			"tile_id": "(6, 5)"
		},
		{
			"position": "(8, 8)",
			"tile_id": "(5, 2)"
		},
		{
			"position": "(8, 9)",
			"tile_id": "(1, 1)"
		},
		{
			"position": "(8, 10)",
			"tile_id": "(1, 0)"
		},
		{
			"position": "(8, 11)",
			"tile_id": "(0, 0)"
		},
		{
			"position": "(8, 12)",
			"tile_id": "(0, 0)"
		},
		{
			"position": "(8, 13)",
			"tile_id": "(0, 0)"
		},
		{
			"position": "(8, 14)",
			"tile_id": "(0, 0)"
		},
		{
			"position": "(8, 15)",
			"tile_id": "(2, 0)"
		},
		{
			"position": "(8, 16)",
			"tile_id": "(2, 0)"
		},
		{
			"position": "(8, 17)",
			"tile_id": "(2, 0)"
		},
		{
			"position": "(8, 18)",
			"tile_id": "(2, 0)"
		},
		{
			"position": "(8, 19)",
			"tile_id": "(2, 0)"
		},
		{
			"position": "(8, 20)",
			"tile_id": "(2, 0)"
		},
		{
			"position": "(8, 21)",
			"tile_id": "(2, 0)"
		},
		{
			"position": "(8, 22)",
			"tile_id": "(7, 5)"
		},
		{
			"position": "(8, 23)",
			"tile_id": "(4, 1)"
		},
		{
			"position": "(8, 24)",
			"tile_id": "(7, 4)"
		},
		{
			"position": "(9, 0)",
			"tile_id": "(4, 5)"
		},
		{
			"position": "(9, 1)",
			"tile_id": "(4, 2)"
		},
		{
			"position": "(9, 2)",
			"tile_id": "(4, 1)"
		},
		{
			"position": "(9, 3)",
			"tile_id": "(4, 1)"
		},
		{
			"position": "(9, 4)",
			"tile_id": "(4, 1)"
		},
		{
			"position": "(9, 5)",
			"tile_id": "(4, 1)"
		},
		{
			"position": "(9, 6)",
			"tile_id": "(4, 3)"
		},
		{
			"position": "(9, 7)",
			"tile_id": "(0, 1)"
		},
		{
			"position": "(9, 8)",
			"tile_id": "(0, 0)"
		},
		{
			"position": "(9, 9)",
			"tile_id": "(4, 4)"
		},
		{
			"position": "(9, 10)",
			"tile_id": "(0, 0)"
		},
		{
			"position": "(9, 11)",
			"tile_id": "(0, 0)"
		},
		{
			"position": "(9, 12)",
			"tile_id": "(0, 0)"
		},
		{
			"position": "(9, 13)",
			"tile_id": "(0, 0)"
		},
		{
			"position": "(9, 14)",
			"tile_id": "(0, 0)"
		},
		{
			"position": "(9, 15)",
			"tile_id": "(2, 0)"
		},
		{
			"position": "(9, 16)",
			"tile_id": "(2, 0)"
		},
		{
			"position": "(9, 17)",
			"tile_id": "(2, 0)"
		},
		{
			"position": "(9, 18)",
			"tile_id": "(2, 0)"
		},
		{
			"position": "(9, 19)",
			"tile_id": "(2, 0)"
		},
		{
			"position": "(9, 20)",
			"tile_id": "(2, 0)"
		},
		{
			"position": "(9, 21)",
			"tile_id": "(2, 0)"
		},
		{
			"position": "(9, 22)",
			"tile_id": "(4, 5)"
		},
		{
			"position": "(9, 23)",
			"tile_id": "(4, 1)"
		},
		{
			"position": "(9, 24)",
			"tile_id": "(7, 4)"
		},
		{
			"position": "(10, 0)",
			"tile_id": "(7, 5)"
		},
		{
			"position": "(10, 1)",
			"tile_id": "(3, 1)"
		},
		{
			"position": "(10, 2)",
			"tile_id": "(4, 1)"
		},
		{
			"position": "(10, 3)",
			"tile_id": "(4, 0)"
		},
		{
			"position": "(10, 4)",
			"tile_id": "(4, 0)"
		},
		{
			"position": "(10, 5)",
			"tile_id": "(4, 1)"
		},
		{
			"position": "(10, 6)",
			"tile_id": "(7, 4)"
		},
		{
			"position": "(10, 7)",
			"tile_id": "(1, 0)"
		},
		{
			"position": "(10, 8)",
			"tile_id": "(1, 1)"
		},
		{
			"position": "(10, 9)",
			"tile_id": "(1, 0)"
		},
		{
			"position": "(10, 10)",
			"tile_id": "(0, 0)"
		},
		{
			"position": "(10, 11)",
			"tile_id": "(6, 0)"
		},
		{
			"position": "(10, 12)",
			"tile_id": "(6, 4)"
		},
		{
			"position": "(10, 13)",
			"tile_id": "(6, 4)"
		},
		{
			"position": "(10, 14)",
			"tile_id": "(6, 4)"
		},
		{
			"position": "(10, 15)",
			"tile_id": "(3, 3)"
		},
		{
			"position": "(10, 16)",
			"tile_id": "(7, 1)"
		},
		{
			"position": "(10, 18)",
			"tile_id": "(6, 0)"
		},
		{
			"position": "(10, 19)",
			"tile_id": "(6, 4)"
		},
		{
			"position": "(10, 20)",
			"tile_id": "(3, 2)"
		},
		{
			"position": "(10, 22)",
			"tile_id": "(7, 5)"
		},
		{
			"position": "(10, 23)",
			"tile_id": "(4, 1)"
		},
		{
			"position": "(10, 24)",
			"tile_id": "(4, 3)"
		},
		{
			"position": "(11, 0)",
			"tile_id": "(7, 5)"
		},
		{
			"position": "(11, 1)",
			"tile_id": "(4, 1)"
		},
		{
			"position": "(11, 2)",
			"tile_id": "(5, 1)"
		},
		{
			"position": "(11, 3)",
			"tile_id": "(4, 1)"
		},
		{
			"position": "(11, 4)",
			"tile_id": "(4, 1)"
		},
		{
			"position": "(11, 5)",
			"tile_id": "(3, 1)"
		},
		{
			"position": "(11, 6)",
			"tile_id": "(7, 2)"
		},
		{
			"position": "(11, 7)",
			"tile_id": "(5, 4)"
		},
		{
			"position": "(11, 8)",
			"tile_id": "(6, 1)"
		},
		{
			"position": "(11, 9)",
			"tile_id": "(0, 1)"
		},
		{
			"position": "(11, 10)",
			"tile_id": "(0, 0)"
		},
		{
			"position": "(11, 11)",
			"tile_id": "(7, 5)"
		},
		{
			"position": "(11, 12)",
			"tile_id": "(5, 1)"
		},
		{
			"position": "(11, 13)",
			"tile_id": "(4, 1)"
		},
		{
			"position": "(11, 14)",
			"tile_id": "(4, 1)"
		},
		{
			"position": "(11, 15)",
			"tile_id": "(7, 4)"
		},
		{
			"position": "(11, 18)",
			"tile_id": "(4, 5)"
		},
		{
			"position": "(11, 19)",
			"tile_id": "(4, 1)"
		},
		{
			"position": "(11, 20)",
			"tile_id": "(7, 4)"
		},
		{
			"position": "(11, 22)",
			"tile_id": "(7, 5)"
		},
		{
			"position": "(11, 23)",
			"tile_id": "(4, 1)"
		},
		{
			"position": "(11, 24)",
			"tile_id": "(7, 4)"
		},
		{
			"position": "(12, 0)",
			"tile_id": "(7, 5)"
		},
		{
			"position": "(12, 1)",
			"tile_id": "(5, 1)"
		},
		{
			"position": "(12, 2)",
			"tile_id": "(4, 1)"
		},
		{
			"position": "(12, 3)",
			"tile_id": "(4, 0)"
		},
		{
			"position": "(12, 4)",
			"tile_id": "(4, 1)"
		},
		{
			"position": "(12, 5)",
			"tile_id": "(4, 1)"
		},
		{
			"position": "(12, 6)",
			"tile_id": "(4, 1)"
		},
		{
			"position": "(12, 7)",
			"tile_id": "(4, 1)"
		},
		{
			"position": "(12, 8)",
			"tile_id": "(7, 4)"
		},
		{
			"position": "(12, 9)",
			"tile_id": "(1, 0)"
		},
		{
			"position": "(12, 10)",
			"tile_id": "(0, 0)"
		},
		{
			"position": "(12, 11)",
			"tile_id": "(4, 5)"
		},
		{
			"position": "(12, 12)",
			"tile_id": "(4, 1)"
		},
		{
			"position": "(12, 13)",
			"tile_id": "(4, 1)"
		},
		{
			"position": "(12, 14)",
			"tile_id": "(3, 1)"
		},
		{
			"position": "(12, 15)",
			"tile_id": "(7, 4)"
		},
		{
			"position": "(12, 18)",
			"tile_id": "(7, 0)"
		},
		{
			"position": "(12, 19)",
			"tile_id": "(3, 4)"
		},
		{
			"position": "(12, 20)",
			"tile_id": "(5, 2)"
		},
		{
			"position": "(12, 22)",
			"tile_id": "(7, 5)"
		},
		{
			"position": "(12, 23)",
			"tile_id": "(4, 1)"
		},
		{
			"position": "(12, 24)",
			"tile_id": "(7, 4)"
		},
		{
			"position": "(13, 0)",
			"tile_id": "(4, 5)"
		},
		{
			"position": "(13, 1)",
			"tile_id": "(4, 2)"
		},
		{
			"position": "(13, 2)",
			"tile_id": "(4, 0)"
		},
		{
			"position": "(13, 3)",
			"tile_id": "(4, 1)"
		},
		{
			"position": "(13, 4)",
			"tile_id": "(3, 1)"
		},
		{
			"position": "(13, 5)",
			"tile_id": "(4, 1)"
		},
		{
			"position": "(13, 6)",
			"tile_id": "(4, 1)"
		},
		{
			"position": "(13, 7)",
			"tile_id": "(4, 1)"
		},
		{
			"position": "(13, 8)",
			"tile_id": "(7, 4)"
		},
		{
			"position": "(13, 9)",
			"tile_id": "(4, 4)"
		},
		{
			"position": "(13, 10)",
			"tile_id": "(1, 1)"
		},
		{
			"position": "(13, 11)",
			"tile_id": "(7, 5)"
		},
		{
			"position": "(13, 12)",
			"tile_id": "(5, 1)"
		},
		{
			"position": "(13, 13)",
			"tile_id": "(3, 1)"
		},
		{
			"position": "(13, 14)",
			"tile_id": "(3, 1)"
		},
		{
			"position": "(13, 15)",
			"tile_id": "(7, 4)"
		},
		{
			"position": "(13, 22)",
			"tile_id": "(7, 5)"
		},
		{
			"position": "(13, 23)",
			"tile_id": "(5, 1)"
		},
		{
			"position": "(13, 24)",
			"tile_id": "(7, 4)"
		},
		{
			"position": "(14, 0)",
			"tile_id": "(7, 5)"
		},
		{
			"position": "(14, 1)",
			"tile_id": "(4, 1)"
		},
		{
			"position": "(14, 2)",
			"tile_id": "(4, 1)"
		},
		{
			"position": "(14, 3)",
			"tile_id": "(4, 1)"
		},
		{
			"position": "(14, 4)",
			"tile_id": "(4, 0)"
		},
		{
			"position": "(14, 5)",
			"tile_id": "(4, 2)"
		},
		{
			"position": "(14, 6)",
			"tile_id": "(4, 1)"
		},
		{
			"position": "(14, 7)",
			"tile_id": "(4, 1)"
		},
		{
			"position": "(14, 8)",
			"tile_id": "(7, 4)"
		},
		{
			"position": "(14, 9)",
			"tile_id": "(1, 1)"
		},
		{
			"position": "(14, 10)",
			"tile_id": "(0, 0)"
		},
		{
			"position": "(14, 11)",
			"tile_id": "(4, 5)"
		},
		{
			"position": "(14, 12)",
			"tile_id": "(4, 1)"
		},
		{
			"position": "(14, 13)",
			"tile_id": "(4, 1)"
		},
		{
			"position": "(14, 14)",
			"tile_id": "(4, 1)"
		},
		{
			"position": "(14, 15)",
			"tile_id": "(7, 2)"
		},
		{
			"position": "(14, 16)",
			"tile_id": "(6, 1)"
		},
		{
			"position": "(14, 21)",
			"tile_id": "(6, 0)"
		},
		{
			"position": "(14, 22)",
			"tile_id": "(7, 3)"
		},
		{
			"position": "(14, 23)",
			"tile_id": "(4, 2)"
		},
		{
			"position": "(14, 24)",
			"tile_id": "(7, 4)"
		},
		{
			"position": "(15, 0)",
			"tile_id": "(7, 5)"
		},
		{
			"position": "(15, 1)",
			"tile_id": "(4, 1)"
		},
		{
			"position": "(15, 2)",
			"tile_id": "(4, 0)"
		},
		{
			"position": "(15, 3)",
			"tile_id": "(5, 1)"
		},
		{
			"position": "(15, 4)",
			"tile_id": "(4, 2)"
		},
		{
			"position": "(15, 5)",
			"tile_id": "(4, 1)"
		},
		{
			"position": "(15, 6)",
			"tile_id": "(5, 1)"
		},
		{
			"position": "(15, 7)",
			"tile_id": "(4, 1)"
		},
		{
			"position": "(15, 8)",
			"tile_id": "(7, 4)"
		},
		{
			"position": "(15, 9)",
			"tile_id": "(0, 0)"
		},
		{
			"position": "(15, 10)",
			"tile_id": "(4, 4)"
		},
		{
			"position": "(15, 11)",
			"tile_id": "(4, 5)"
		},
		{
			"position": "(15, 12)",
			"tile_id": "(4, 1)"
		},
		{
			"position": "(15, 13)",
			"tile_id": "(4, 1)"
		},
		{
			"position": "(15, 14)",
			"tile_id": "(4, 1)"
		},
		{
			"position": "(15, 15)",
			"tile_id": "(5, 1)"
		},
		{
			"position": "(15, 16)",
			"tile_id": "(4, 3)"
		},
		{
			"position": "(15, 19)",
			"tile_id": "(6, 0)"
		},
		{
			"position": "(15, 20)",
			"tile_id": "(6, 4)"
		},
		{
			"position": "(15, 21)",
			"tile_id": "(5, 5)"
		},
		{
			"position": "(15, 22)",
			"tile_id": "(3, 1)"
		},
		{
			"position": "(15, 23)",
			"tile_id": "(4, 1)"
		},
		{
			"position": "(15, 24)",
			"tile_id": "(7, 4)"
		},
		{
			"position": "(16, 0)",
			"tile_id": "(4, 5)"
		},
		{
			"position": "(16, 1)",
			"tile_id": "(4, 1)"
		},
		{
			"position": "(16, 2)",
			"tile_id": "(4, 1)"
		},
		{
			"position": "(16, 3)",
			"tile_id": "(4, 1)"
		},
		{
			"position": "(16, 4)",
			"tile_id": "(4, 2)"
		},
		{
			"position": "(16, 5)",
			"tile_id": "(3, 1)"
		},
		{
			"position": "(16, 6)",
			"tile_id": "(4, 1)"
		},
		{
			"position": "(16, 7)",
			"tile_id": "(5, 1)"
		},
		{
			"position": "(16, 8)",
			"tile_id": "(7, 4)"
		},
		{
			"position": "(16, 9)",
			"tile_id": "(4, 4)"
		},
		{
			"position": "(16, 10)",
			"tile_id": "(4, 4)"
		},
		{
			"position": "(16, 11)",
			"tile_id": "(7, 5)"
		},
		{
			"position": "(16, 12)",
			"tile_id": "(4, 1)"
		},
		{
			"position": "(16, 13)",
			"tile_id": "(3, 1)"
		},
		{
			"position": "(16, 14)",
			"tile_id": "(4, 1)"
		},
		{
			"position": "(16, 15)",
			"tile_id": "(4, 1)"
		},
		{
			"position": "(16, 16)",
			"tile_id": "(5, 3)"
		},
		{
			"position": "(16, 17)",
			"tile_id": "(5, 4)"
		},
		{
			"position": "(16, 18)",
			"tile_id": "(6, 4)"
		},
		{
			"position": "(16, 19)",
			"tile_id": "(7, 3)"
		},
		{
			"position": "(16, 20)",
			"tile_id": "(4, 1)"
		},
		{
			"position": "(16, 21)",
			"tile_id": "(3, 1)"
		},
		{
			"position": "(16, 22)",
			"tile_id": "(7, 3)"
		},
		{
			"position": "(16, 23)",
			"tile_id": "(4, 1)"
		},
		{
			"position": "(16, 24)",
			"tile_id": "(7, 4)"
		},
		{
			"position": "(17, 0)",
			"tile_id": "(7, 5)"
		},
		{
			"position": "(17, 1)",
			"tile_id": "(4, 1)"
		},
		{
			"position": "(17, 2)",
			"tile_id": "(4, 0)"
		},
		{
			"position": "(17, 3)",
			"tile_id": "(4, 1)"
		},
		{
			"position": "(17, 4)",
			"tile_id": "(4, 1)"
		},
		{
			"position": "(17, 5)",
			"tile_id": "(4, 1)"
		},
		{
			"position": "(17, 6)",
			"tile_id": "(4, 2)"
		},
		{
			"position": "(17, 7)",
			"tile_id": "(4, 1)"
		},
		{
			"position": "(17, 8)",
			"tile_id": "(7, 2)"
		},
		{
			"position": "(17, 9)",
			"tile_id": "(6, 4)"
		},
		{
			"position": "(17, 10)",
			"tile_id": "(6, 4)"
		},
		{
			"position": "(17, 11)",
			"tile_id": "(5, 5)"
		},
		{
			"position": "(17, 12)",
			"tile_id": "(3, 1)"
		},
		{
			"position": "(17, 13)",
			"tile_id": "(4, 1)"
		},
		{
			"position": "(17, 14)",
			"tile_id": "(4, 2)"
		},
		{
			"position": "(17, 15)",
			"tile_id": "(4, 1)"
		},
		{
			"position": "(17, 16)",
			"tile_id": "(4, 1)"
		},
		{
			"position": "(17, 17)",
			"tile_id": "(4, 2)"
		},
		{
			"position": "(17, 18)",
			"tile_id": "(5, 1)"
		},
		{
			"position": "(17, 19)",
			"tile_id": "(3, 1)"
		},
		{
			"position": "(17, 20)",
			"tile_id": "(3, 1)"
		},
		{
			"position": "(17, 21)",
			"tile_id": "(4, 0)"
		},
		{
			"position": "(17, 22)",
			"tile_id": "(4, 1)"
		},
		{
			"position": "(17, 23)",
			"tile_id": "(3, 3)"
		},
		{
			"position": "(17, 24)",
			"tile_id": "(7, 1)"
		},
		{
			"position": "(18, 0)",
			"tile_id": "(7, 5)"
		},
		{
			"position": "(18, 1)",
			"tile_id": "(4, 1)"
		},
		{
			"position": "(18, 2)",
			"tile_id": "(4, 1)"
		},
		{
			"position": "(18, 3)",
			"tile_id": "(4, 0)"
		},
		{
			"position": "(18, 4)",
			"tile_id": "(4, 0)"
		},
		{
			"position": "(18, 5)",
			"tile_id": "(4, 0)"
		},
		{
			"position": "(18, 6)",
			"tile_id": "(4, 1)"
		},
		{
			"position": "(18, 7)",
			"tile_id": "(4, 2)"
		},
		{
			"position": "(18, 8)",
			"tile_id": "(4, 1)"
		},
		{
			"position": "(18, 9)",
			"tile_id": "(4, 1)"
		},
		{
			"position": "(18, 10)",
			"tile_id": "(4, 1)"
		},
		{
			"position": "(18, 11)",
			"tile_id": "(4, 1)"
		},
		{
			"position": "(18, 12)",
			"tile_id": "(4, 2)"
		},
		{
			"position": "(18, 13)",
			"tile_id": "(4, 1)"
		},
		{
			"position": "(18, 14)",
			"tile_id": "(4, 1)"
		},
		{
			"position": "(18, 15)",
			"tile_id": "(4, 1)"
		},
		{
			"position": "(18, 16)",
			"tile_id": "(4, 0)"
		},
		{
			"position": "(18, 17)",
			"tile_id": "(4, 0)"
		},
		{
			"position": "(18, 18)",
			"tile_id": "(4, 0)"
		},
		{
			"position": "(18, 19)",
			"tile_id": "(4, 2)"
		},
		{
			"position": "(18, 20)",
			"tile_id": "(4, 1)"
		},
		{
			"position": "(18, 21)",
			"tile_id": "(5, 1)"
		},
		{
			"position": "(18, 22)",
			"tile_id": "(3, 3)"
		},
		{
			"position": "(18, 23)",
			"tile_id": "(7, 1)"
		},
		{
			"position": "(19, 0)",
			"tile_id": "(4, 5)"
		},
		{
			"position": "(19, 1)",
			"tile_id": "(4, 2)"
		},
		{
			"position": "(19, 2)",
			"tile_id": "(4, 1)"
		},
		{
			"position": "(19, 3)",
			"tile_id": "(4, 1)"
		},
		{
			"position": "(19, 4)",
			"tile_id": "(4, 1)"
		},
		{
			"position": "(19, 5)",
			"tile_id": "(5, 1)"
		},
		{
			"position": "(19, 6)",
			"tile_id": "(4, 1)"
		},
		{
			"position": "(19, 7)",
			"tile_id": "(4, 1)"
		},
		{
			"position": "(19, 8)",
			"tile_id": "(5, 1)"
		},
		{
			"position": "(19, 9)",
			"tile_id": "(4, 1)"
		},
		{
			"position": "(19, 10)",
			"tile_id": "(4, 1)"
		},
		{
			"position": "(19, 11)",
			"tile_id": "(4, 2)"
		},
		{
			"position": "(19, 12)",
			"tile_id": "(4, 1)"
		},
		{
			"position": "(19, 13)",
			"tile_id": "(4, 1)"
		},
		{
			"position": "(19, 14)",
			"tile_id": "(3, 1)"
		},
		{
			"position": "(19, 15)",
			"tile_id": "(5, 1)"
		},
		{
			"position": "(19, 16)",
			"tile_id": "(4, 1)"
		},
		{
			"position": "(19, 17)",
			"tile_id": "(4, 1)"
		},
		{
			"position": "(19, 18)",
			"tile_id": "(4, 1)"
		},
		{
			"position": "(19, 19)",
			"tile_id": "(4, 1)"
		},
		{
			"position": "(19, 20)",
			"tile_id": "(4, 0)"
		},
		{
			"position": "(19, 21)",
			"tile_id": "(4, 2)"
		},
		{
			"position": "(19, 22)",
			"tile_id": "(4, 3)"
		},
		{
			"position": "(20, 0)",
			"tile_id": "(7, 5)"
		},
		{
			"position": "(20, 1)",
			"tile_id": "(5, 1)"
		},
		{
			"position": "(20, 2)",
			"tile_id": "(3, 1)"
		},
		{
			"position": "(20, 3)",
			"tile_id": "(4, 2)"
		},
		{
			"position": "(20, 4)",
			"tile_id": "(4, 1)"
		},
		{
			"position": "(20, 5)",
			"tile_id": "(5, 1)"
		},
		{
			"position": "(20, 6)",
			"tile_id": "(4, 0)"
		},
		{
			"position": "(20, 7)",
			"tile_id": "(4, 1)"
		},
		{
			"position": "(20, 8)",
			"tile_id": "(4, 1)"
		},
		{
			"position": "(20, 9)",
			"tile_id": "(4, 2)"
		},
		{
			"position": "(20, 10)",
			"tile_id": "(4, 2)"
		},
		{
			"position": "(20, 11)",
			"tile_id": "(5, 1)"
		},
		{
			"position": "(20, 12)",
			"tile_id": "(3, 1)"
		},
		{
			"position": "(20, 13)",
			"tile_id": "(4, 2)"
		},
		{
			"position": "(20, 14)",
			"tile_id": "(4, 0)"
		},
		{
			"position": "(20, 15)",
			"tile_id": "(5, 1)"
		},
		{
			"position": "(20, 16)",
			"tile_id": "(4, 1)"
		},
		{
			"position": "(20, 17)",
			"tile_id": "(4, 1)"
		},
		{
			"position": "(20, 18)",
			"tile_id": "(4, 1)"
		},
		{
			"position": "(20, 19)",
			"tile_id": "(4, 1)"
		},
		{
			"position": "(20, 20)",
			"tile_id": "(4, 2)"
		},
		{
			"position": "(20, 21)",
			"tile_id": "(4, 1)"
		},
		{
			"position": "(20, 22)",
			"tile_id": "(7, 4)"
		},
		{
			"position": "(21, 0)",
			"tile_id": "(7, 5)"
		},
		{
			"position": "(21, 1)",
			"tile_id": "(4, 1)"
		},
		{
			"position": "(21, 2)",
			"tile_id": "(4, 1)"
		},
		{
			"position": "(21, 3)",
			"tile_id": "(4, 1)"
		},
		{
			"position": "(21, 4)",
			"tile_id": "(3, 1)"
		},
		{
			"position": "(21, 5)",
			"tile_id": "(4, 1)"
		},
		{
			"position": "(21, 6)",
			"tile_id": "(3, 1)"
		},
		{
			"position": "(21, 7)",
			"tile_id": "(4, 1)"
		},
		{
			"position": "(21, 8)",
			"tile_id": "(4, 1)"
		},
		{
			"position": "(21, 9)",
			"tile_id": "(5, 1)"
		},
		{
			"position": "(21, 10)",
			"tile_id": "(3, 1)"
		},
		{
			"position": "(21, 11)",
			"tile_id": "(4, 1)"
		},
		{
			"position": "(21, 12)",
			"tile_id": "(4, 0)"
		},
		{
			"position": "(21, 13)",
			"tile_id": "(4, 2)"
		},
		{
			"position": "(21, 14)",
			"tile_id": "(4, 1)"
		},
		{
			"position": "(21, 15)",
			"tile_id": "(4, 2)"
		},
		{
			"position": "(21, 16)",
			"tile_id": "(4, 1)"
		},
		{
			"position": "(21, 17)",
			"tile_id": "(5, 1)"
		},
		{
			"position": "(21, 18)",
			"tile_id": "(5, 1)"
		},
		{
			"position": "(21, 19)",
			"tile_id": "(3, 1)"
		},
		{
			"position": "(21, 20)",
			"tile_id": "(5, 1)"
		},
		{
			"position": "(21, 21)",
			"tile_id": "(4, 0)"
		},
		{
			"position": "(21, 22)",
			"tile_id": "(7, 4)"
		},
		{
			"position": "(22, 0)",
			"tile_id": "(7, 5)"
		},
		{
			"position": "(22, 1)",
			"tile_id": "(4, 1)"
		},
		{
			"position": "(22, 2)",
			"tile_id": "(4, 1)"
		},
		{
			"position": "(22, 3)",
			"tile_id": "(4, 1)"
		},
		{
			"position": "(22, 4)",
			"tile_id": "(4, 0)"
		},
		{
			"position": "(22, 5)",
			"tile_id": "(5, 1)"
		},
		{
			"position": "(22, 6)",
			"tile_id": "(4, 2)"
		},
		{
			"position": "(22, 7)",
			"tile_id": "(4, 1)"
		},
		{
			"position": "(22, 8)",
			"tile_id": "(4, 1)"
		},
		{
			"position": "(22, 9)",
			"tile_id": "(4, 1)"
		},
		{
			"position": "(22, 10)",
			"tile_id": "(3, 1)"
		},
		{
			"position": "(22, 11)",
			"tile_id": "(4, 1)"
		},
		{
			"position": "(22, 12)",
			"tile_id": "(4, 1)"
		},
		{
			"position": "(22, 13)",
			"tile_id": "(4, 1)"
		},
		{
			"position": "(22, 14)",
			"tile_id": "(4, 0)"
		},
		{
			"position": "(22, 15)",
			"tile_id": "(4, 1)"
		},
		{
			"position": "(22, 16)",
			"tile_id": "(4, 0)"
		},
		{
			"position": "(22, 17)",
			"tile_id": "(3, 1)"
		},
		{
			"position": "(22, 18)",
			"tile_id": "(4, 1)"
		},
		{
			"position": "(22, 19)",
			"tile_id": "(4, 1)"
		},
		{
			"position": "(22, 20)",
			"tile_id": "(4, 0)"
		},
		{
			"position": "(22, 21)",
			"tile_id": "(4, 1)"
		},
		{
			"position": "(22, 22)",
			"tile_id": "(7, 4)"
		},
		{
			"position": "(23, 0)",
			"tile_id": "(7, 5)"
		},
		{
			"position": "(23, 1)",
			"tile_id": "(4, 1)"
		},
		{
			"position": "(23, 2)",
			"tile_id": "(4, 1)"
		},
		{
			"position": "(23, 3)",
			"tile_id": "(4, 1)"
		},
		{
			"position": "(23, 4)",
			"tile_id": "(4, 2)"
		},
		{
			"position": "(23, 5)",
			"tile_id": "(4, 1)"
		},
		{
			"position": "(23, 6)",
			"tile_id": "(4, 1)"
		},
		{
			"position": "(23, 7)",
			"tile_id": "(4, 1)"
		},
		{
			"position": "(23, 8)",
			"tile_id": "(5, 1)"
		},
		{
			"position": "(23, 9)",
			"tile_id": "(4, 1)"
		},
		{
			"position": "(23, 10)",
			"tile_id": "(3, 1)"
		},
		{
			"position": "(23, 11)",
			"tile_id": "(4, 2)"
		},
		{
			"position": "(23, 12)",
			"tile_id": "(3, 1)"
		},
		{
			"position": "(23, 13)",
			"tile_id": "(4, 0)"
		},
		{
			"position": "(23, 14)",
			"tile_id": "(4, 1)"
		},
		{
			"position": "(23, 15)",
			"tile_id": "(4, 1)"
		},
		{
			"position": "(23, 16)",
			"tile_id": "(4, 1)"
		},
		{
			"position": "(23, 17)",
			"tile_id": "(4, 1)"
		},
		{
			"position": "(23, 18)",
			"tile_id": "(4, 1)"
		},
		{
			"position": "(23, 19)",
			"tile_id": "(4, 0)"
		},
		{
			"position": "(23, 20)",
			"tile_id": "(4, 1)"
		},
		{
			"position": "(23, 21)",
			"tile_id": "(4, 2)"
		},
		{
			"position": "(23, 22)",
			"tile_id": "(4, 3)"
		},
		{
			"position": "(24, 0)",
			"tile_id": "(7, 5)"
		},
		{
			"position": "(24, 1)",
			"tile_id": "(3, 1)"
		},
		{
			"position": "(24, 2)",
			"tile_id": "(4, 1)"
		},
		{
			"position": "(24, 3)",
			"tile_id": "(4, 1)"
		},
		{
			"position": "(24, 4)",
			"tile_id": "(4, 0)"
		},
		{
			"position": "(24, 5)",
			"tile_id": "(4, 1)"
		},
		{
			"position": "(24, 6)",
			"tile_id": "(4, 1)"
		},
		{
			"position": "(24, 7)",
			"tile_id": "(4, 1)"
		},
		{
			"position": "(24, 8)",
			"tile_id": "(4, 1)"
		},
		{
			"position": "(24, 9)",
			"tile_id": "(4, 0)"
		},
		{
			"position": "(24, 10)",
			"tile_id": "(4, 1)"
		},
		{
			"position": "(24, 11)",
			"tile_id": "(4, 1)"
		},
		{
			"position": "(24, 12)",
			"tile_id": "(4, 1)"
		},
		{
			"position": "(24, 13)",
			"tile_id": "(4, 1)"
		},
		{
			"position": "(24, 14)",
			"tile_id": "(4, 1)"
		},
		{
			"position": "(24, 15)",
			"tile_id": "(3, 1)"
		},
		{
			"position": "(24, 16)",
			"tile_id": "(4, 1)"
		},
		{
			"position": "(24, 17)",
			"tile_id": "(4, 0)"
		},
		{
			"position": "(24, 18)",
			"tile_id": "(4, 1)"
		},
		{
			"position": "(24, 19)",
			"tile_id": "(4, 1)"
		},
		{
			"position": "(24, 20)",
			"tile_id": "(4, 1)"
		},
		{
			"position": "(24, 21)",
			"tile_id": "(4, 0)"
		},
		{
			"position": "(24, 22)",
			"tile_id": "(7, 4)"
		},
		{
			"position": "(25, 0)",
			"tile_id": "(4, 5)"
		},
		{
			"position": "(25, 1)",
			"tile_id": "(4, 1)"
		},
		{
			"position": "(25, 2)",
			"tile_id": "(4, 1)"
		},
		{
			"position": "(25, 3)",
			"tile_id": "(5, 1)"
		},
		{
			"position": "(25, 4)",
			"tile_id": "(4, 1)"
		},
		{
			"position": "(25, 5)",
			"tile_id": "(4, 1)"
		},
		{
			"position": "(25, 6)",
			"tile_id": "(4, 1)"
		},
		{
			"position": "(25, 7)",
			"tile_id": "(4, 1)"
		},
		{
			"position": "(25, 8)",
			"tile_id": "(4, 1)"
		},
		{
			"position": "(25, 9)",
			"tile_id": "(4, 2)"
		},
		{
			"position": "(25, 10)",
			"tile_id": "(4, 1)"
		},
		{
			"position": "(25, 11)",
			"tile_id": "(4, 0)"
		},
		{
			"position": "(25, 12)",
			"tile_id": "(4, 1)"
		},
		{
			"position": "(25, 13)",
			"tile_id": "(4, 2)"
		},
		{
			"position": "(25, 14)",
			"tile_id": "(4, 1)"
		},
		{
			"position": "(25, 15)",
			"tile_id": "(4, 1)"
		},
		{
			"position": "(25, 16)",
			"tile_id": "(4, 1)"
		},
		{
			"position": "(25, 17)",
			"tile_id": "(5, 1)"
		},
		{
			"position": "(25, 18)",
			"tile_id": "(4, 1)"
		},
		{
			"position": "(25, 19)",
			"tile_id": "(4, 1)"
		},
		{
			"position": "(25, 20)",
			"tile_id": "(4, 0)"
		},
		{
			"position": "(25, 21)",
			"tile_id": "(4, 1)"
		},
		{
			"position": "(25, 22)",
			"tile_id": "(7, 4)"
		},
		{
			"position": "(26, 0)",
			"tile_id": "(7, 5)"
		},
		{
			"position": "(26, 1)",
			"tile_id": "(4, 0)"
		},
		{
			"position": "(26, 2)",
			"tile_id": "(4, 1)"
		},
		{
			"position": "(26, 3)",
			"tile_id": "(4, 1)"
		},
		{
			"position": "(26, 4)",
			"tile_id": "(4, 1)"
		},
		{
			"position": "(26, 5)",
			"tile_id": "(4, 1)"
		},
		{
			"position": "(26, 6)",
			"tile_id": "(4, 1)"
		},
		{
			"position": "(26, 7)",
			"tile_id": "(4, 1)"
		},
		{
			"position": "(26, 8)",
			"tile_id": "(4, 1)"
		},
		{
			"position": "(26, 9)",
			"tile_id": "(4, 0)"
		},
		{
			"position": "(26, 10)",
			"tile_id": "(4, 1)"
		},
		{
			"position": "(26, 11)",
			"tile_id": "(4, 1)"
		},
		{
			"position": "(26, 12)",
			"tile_id": "(4, 0)"
		},
		{
			"position": "(26, 13)",
			"tile_id": "(4, 1)"
		},
		{
			"position": "(26, 14)",
			"tile_id": "(4, 1)"
		},
		{
			"position": "(26, 15)",
			"tile_id": "(4, 2)"
		},
		{
			"position": "(26, 16)",
			"tile_id": "(4, 2)"
		},
		{
			"position": "(26, 17)",
			"tile_id": "(4, 1)"
		},
		{
			"position": "(26, 18)",
			"tile_id": "(3, 1)"
		},
		{
			"position": "(26, 19)",
			"tile_id": "(4, 2)"
		},
		{
			"position": "(26, 20)",
			"tile_id": "(4, 1)"
		},
		{
			"position": "(26, 21)",
			"tile_id": "(5, 1)"
		},
		{
			"position": "(26, 22)",
			"tile_id": "(7, 4)"
		},
		{
			"position": "(27, 0)",
			"tile_id": "(7, 5)"
		},
		{
			"position": "(27, 1)",
			"tile_id": "(4, 0)"
		},
		{
			"position": "(27, 2)",
			"tile_id": "(5, 1)"
		},
		{
			"position": "(27, 3)",
			"tile_id": "(4, 0)"
		},
		{
			"position": "(27, 4)",
			"tile_id": "(3, 1)"
		},
		{
			"position": "(27, 5)",
			"tile_id": "(4, 1)"
		},
		{
			"position": "(27, 6)",
			"tile_id": "(4, 1)"
		},
		{
			"position": "(27, 7)",
			"tile_id": "(4, 1)"
		},
		{
			"position": "(27, 8)",
			"tile_id": "(4, 1)"
		},
		{
			"position": "(27, 9)",
			"tile_id": "(4, 1)"
		},
		{
			"position": "(27, 10)",
			"tile_id": "(5, 1)"
		},
		{
			"position": "(27, 11)",
			"tile_id": "(4, 1)"
		},
		{
			"position": "(27, 12)",
			"tile_id": "(4, 1)"
		},
		{
			"position": "(27, 13)",
			"tile_id": "(3, 1)"
		},
		{
			"position": "(27, 14)",
			"tile_id": "(4, 1)"
		},
		{
			"position": "(27, 15)",
			"tile_id": "(3, 1)"
		},
		{
			"position": "(27, 16)",
			"tile_id": "(3, 1)"
		},
		{
			"position": "(27, 17)",
			"tile_id": "(5, 1)"
		},
		{
			"position": "(27, 18)",
			"tile_id": "(5, 1)"
		},
		{
			"position": "(27, 19)",
			"tile_id": "(4, 1)"
		},
		{
			"position": "(27, 20)",
			"tile_id": "(4, 2)"
		},
		{
			"position": "(27, 21)",
			"tile_id": "(4, 2)"
		},
		{
			"position": "(27, 22)",
			"tile_id": "(7, 4)"
		},
		{
			"position": "(28, 0)",
			"tile_id": "(7, 5)"
		},
		{
			"position": "(28, 1)",
			"tile_id": "(4, 1)"
		},
		{
			"position": "(28, 2)",
			"tile_id": "(4, 2)"
		},
		{
			"position": "(28, 3)",
			"tile_id": "(4, 1)"
		},
		{
			"position": "(28, 4)",
			"tile_id": "(5, 1)"
		},
		{
			"position": "(28, 5)",
			"tile_id": "(5, 1)"
		},
		{
			"position": "(28, 6)",
			"tile_id": "(4, 1)"
		},
		{
			"position": "(28, 7)",
			"tile_id": "(4, 1)"
		},
		{
			"position": "(28, 8)",
			"tile_id": "(4, 1)"
		},
		{
			"position": "(28, 9)",
			"tile_id": "(4, 1)"
		},
		{
			"position": "(28, 10)",
			"tile_id": "(3, 1)"
		},
		{
			"position": "(28, 11)",
			"tile_id": "(4, 2)"
		},
		{
			"position": "(28, 12)",
			"tile_id": "(4, 1)"
		},
		{
			"position": "(28, 13)",
			"tile_id": "(4, 1)"
		},
		{
			"position": "(28, 14)",
			"tile_id": "(4, 1)"
		},
		{
			"position": "(28, 15)",
			"tile_id": "(4, 1)"
		},
		{
			"position": "(28, 16)",
			"tile_id": "(4, 1)"
		},
		{
			"position": "(28, 17)",
			"tile_id": "(4, 1)"
		},
		{
			"position": "(28, 18)",
			"tile_id": "(4, 1)"
		},
		{
			"position": "(28, 19)",
			"tile_id": "(4, 2)"
		},
		{
			"position": "(28, 20)",
			"tile_id": "(4, 1)"
		},
		{
			"position": "(28, 21)",
			"tile_id": "(4, 1)"
		},
		{
			"position": "(28, 22)",
			"tile_id": "(7, 4)"
		},
		{
			"position": "(29, 0)",
			"tile_id": "(7, 5)"
		},
		{
			"position": "(29, 1)",
			"tile_id": "(4, 1)"
		},
		{
			"position": "(29, 2)",
			"tile_id": "(5, 1)"
		},
		{
			"position": "(29, 3)",
			"tile_id": "(4, 1)"
		},
		{
			"position": "(29, 4)",
			"tile_id": "(4, 1)"
		},
		{
			"position": "(29, 5)",
			"tile_id": "(3, 1)"
		},
		{
			"position": "(29, 6)",
			"tile_id": "(4, 0)"
		},
		{
			"position": "(29, 7)",
			"tile_id": "(4, 1)"
		},
		{
			"position": "(29, 8)",
			"tile_id": "(5, 1)"
		},
		{
			"position": "(29, 9)",
			"tile_id": "(4, 1)"
		},
		{
			"position": "(29, 10)",
			"tile_id": "(4, 1)"
		},
		{
			"position": "(29, 11)",
			"tile_id": "(4, 1)"
		},
		{
			"position": "(29, 12)",
			"tile_id": "(4, 1)"
		},
		{
			"position": "(29, 13)",
			"tile_id": "(3, 1)"
		},
		{
			"position": "(29, 14)",
			"tile_id": "(5, 1)"
		},
		{
			"position": "(29, 15)",
			"tile_id": "(4, 1)"
		},
		{
			"position": "(29, 16)",
			"tile_id": "(4, 1)"
		},
		{
			"position": "(29, 17)",
			"tile_id": "(5, 1)"
		},
		{
			"position": "(29, 18)",
			"tile_id": "(4, 1)"
		},
		{
			"position": "(29, 19)",
			"tile_id": "(5, 1)"
		},
		{
			"position": "(29, 20)",
			"tile_id": "(4, 2)"
		},
		{
			"position": "(29, 21)",
			"tile_id": "(4, 1)"
		},
		{
			"position": "(29, 22)",
			"tile_id": "(7, 4)"
		}
	],
	"2": [
		{
			"position": "(2, 12)",
			"tile_id": "(0, 2)"
		},
		{
			"position": "(4, 14)",
			"tile_id": "(1, 2)"
		},
		{
			"position": "(5, 9)",
			"tile_id": "(0, 2)"
		},
		{
			"position": "(5, 24)",
			"tile_id": "(0, 2)"
		},
		{
			"position": "(6, 4)",
			"tile_id": "(0, 2)"
		},
		{
			"position": "(6, 18)",
			"tile_id": "(0, 3)"
		},
		{
			"position": "(6, 19)",
			"tile_id": "(0, 3)"
		},
		{
			"position": "(6, 20)",
			"tile_id": "(0, 3)"
		},
		{
			"position": "(7, 18)",
			"tile_id": "(0, 3)"
		},
		{
			"position": "(7, 19)",
			"tile_id": "(0, 3)"
		},
		{
			"position": "(7, 20)",
			"tile_id": "(0, 3)"
		},
		{
			"position": "(7, 21)",
			"tile_id": "(0, 3)"
		},
		{
			"position": "(8, 13)",
			"tile_id": "(0, 2)"
		},
		{
			"position": "(10, 17)",
			"tile_id": "(0, 3)"
		},
		{
			"position": "(10, 21)",
			"tile_id": "(0, 3)"
		},
		{
			"position": "(11, 12)",
			"tile_id": "(0, 2)"
		},
		{
			"position": "(11, 16)",
			"tile_id": "(0, 3)"
		},
		{
			"position": "(11, 17)",
			"tile_id": "(0, 3)"
		},
		{
			"position": "(11, 19)",
			"tile_id": "(2, 5)"
		},
		{
			"position": "(11, 21)",
			"tile_id": "(0, 3)"
		},
		{
			"position": "(12, 16)",
			"tile_id": "(0, 3)"
		},
		{
			"position": "(12, 17)",
			"tile_id": "(0, 3)"
		},
		{
			"position": "(12, 21)",
			"tile_id": "(0, 3)"
		},
		{
			"position": "(13, 9)",
			"tile_id": "(0, 2)"
		},
		{
			"position": "(13, 16)",
			"tile_id": "(0, 3)"
		},
		{
			"position": "(13, 17)",
			"tile_id": "(0, 3)"
		},
		{
			"position": "(13, 18)",
			"tile_id": "(0, 3)"
		},
		{
			"position": "(13, 19)",
			"tile_id": "(0, 3)"
		},
		{
			"position": "(13, 20)",
			"tile_id": "(0, 3)"
		},
		{
			"position": "(13, 21)",
			"tile_id": "(0, 3)"
		},
		{
			"position": "(14, 17)",
			"tile_id": "(0, 3)"
		},
		{
			"position": "(14, 18)",
			"tile_id": "(0, 3)"
		},
		{
			"position": "(14, 19)",
			"tile_id": "(0, 3)"
		},
		{
			"position": "(14, 20)",
			"tile_id": "(0, 3)"
		},
		{
			"position": "(15, 17)",
			"tile_id": "(0, 3)"
		},
		{
			"position": "(15, 18)",
			"tile_id": "(0, 3)"
		},
		{
			"position": "(15, 23)",
			"tile_id": "(0, 2)"
		},
		{
			"position": "(19, 15)",
			"tile_id": "(0, 2)"
		},
		{
			"position": "(20, 6)",
			"tile_id": "(0, 2)"
		},
		{
			"position": "(22, 28)",
			"tile_id": "(0, 2)"
		},
		{
			"position": "(25, 5)",
			"tile_id": "(0, 2)"
		},
		{
			"position": "(25, 15)",
			"tile_id": "(0, 2)"
		}
	],
	"collumns": 30,
	"row": 30
}
